ambassador/ambassador
ambassador/genesis
ambassador/moonbuggy
ambassador/scout
asurada/asurada
asurada/hayato
auron/buddy
auron/cid
auron/gandof
auron/lassen
auron/lulu
auron/paine
auron/samus
auron/yuna
beltino/mccloud
beltino/monroe
beltino/panther
beltino/tricky
beltino/zako
brask/aurash
brask/brask
brask/bujia
brask/gaelin
brask/gladios
brask/kinox
brask/kuldax
brask/lisbon
brask/moli
brox/brox
brox/greenbayupoc
brox/lotso
brya/adlrvp
brya/anahera
brya/banshee
brya/brya
brya/crota
brya/dochi
brya/felwinter
brya/gimble
brya/kano
brya/marasov
brya/mithrax
brya/omnigul
brya/osiris
brya/primus
brya/redrix
brya/skolas
brya/taeko
brya/taniks
brya/vell
brya/volmar
brya/vyhar
brya/xol
cherry/cherry
cherry/dojo
cherry/tomato
cheza/cheza
constitution/constitution
constitution/intrepid
constitution/nova
coral/astronaut
coral/babymako
coral/babymega
coral/babytiger
coral/blacktip
coral/blacktip360
coral/blacktiplte
coral/blue
coral/bruce
coral/coral
coral/epaulette
coral/kitefin
coral/lava
coral/longfin
coral/nasher
coral/nasher360
coral/porbeagle
coral/rabbid
coral/robo
coral/robo360
coral/sailfin
coral/santa
coral/whitetip
corsola/chinchou
corsola/kingler
corsola/krabby
corsola/kyogre
corsola/magikarp
corsola/ponyta
corsola/skitty
corsola/steelix
corsola/tentacruel
corsola/veluza
corsola/voltorb
daisy/skate
daisy/snow
daisy/spring
dedede/beadrix
dedede/beetley
dedede/blipper
dedede/boten
dedede/boxy
dedede/bugzzy
dedede/corori2
dedede/cret
dedede/dexi
dedede/dibbi
dedede/dita
dedede/drawcia
dedede/galtic
dedede/jslrvp
dedede/kracko
dedede/lantis
dedede/madoo
dedede/magolor
dedede/metaknight
dedede/pirika
dedede/sasuke
dedede/sasukette
dedede/shotzo
dedede/storo
dedede/taranza
dedede/waddledee
dedede/waddledoo
dedede/wheelie
draco/agah
draco/draco
drallion/drallion
drallion/drallion360
fatcat/fatcat
fizz/fizz
fizz/jax
fizz/kench
fizz/sion
fizz/talon
fizz/teemo
fizz/twitch
fizz/wukong
geralt/ciri
geralt/geralt
glados/caroline
glados/cave
glados/chell
glados/pbody
glados/space
gru/bob
gru/gru
gru/kevin
grunt/aleena
grunt/barla
grunt/careena
grunt/delan
grunt/grunt
grunt/kasumi
grunt/kasumi360
grunt/liara
grunt/miranda
grunt/mordin
grunt/nuwani
grunt/nuwani360
grunt/treeya
grunt/treeya360
grunt/treeyac
gru/rainier
guybrush/dewatt
guybrush/guybrush
guybrush/nipperkin
hades/cora
hades/hades
hades/zeus
hatch/akemi
hatch/darby
hatch/dragonair
hatch/dratini
hatch/flammie
hatch/hatch
hatch/hatched
hatch/helios
hatch/jinlon
hatch/kindred
hatch/kled
hatch/kohaku
hatch/mushu
hatch/nightfury
hatch/palkia
hatch/stormcutter
hatch/stormfly
hatch/stryke
herobrine/evoker
herobrine/herobrine
herobrine/hoglin
herobrine/piglin
herobrine/senor
herobrine/villager
herobrine/zoglin
herobrine/zombie
jacuzzi/burnet
jacuzzi/cerise
jacuzzi/damu
jacuzzi/esche
jacuzzi/fennel
jacuzzi/fennel14
jacuzzi/jacuzzi
jacuzzi/juniper
jacuzzi/kappa
jacuzzi/stern
jacuzzi/willow
jecht/guado
jecht/rikku
jecht/tidus
kahlee/kahlee
kalista/karma
keeby/cappy
keeby/cappy2
keeby/corori
keeby/driblee
keeby/gooey
keeby/haboki
keeby/lalala
keeby/waddledoo2
kukui/c18
kukui/c19
kukui/kakadu
kukui/katsu
kukui/kodama
kukui/krane
kukui/kukui
kunimitsu/angel
kunimitsu/asuka
kunimitsu/lars
kunimitsu/lili
kunimitsu/sentry
majolica/majolica
mancomb/mancomb
myst/myst
myst/myst360
nami/akali
nami/akali360
nami/bard
nami/ekko
nami/nami
nami/pantheon
nami/pyke
nami/sona
nami/sylas
nami/syndra
nami/vayne
nefario/dave
nefario/nefario
nissa/adlnrvp
nissa/anraggar
nissa/birdo
nissa/craask
nissa/craaskov
nissa/glassway
nissa/gothrax
nissa/joxer
nissa/nereid
nissa/nivviks
nissa/norisa
nissa/orisa
nissa/pirrha
nissa/pujjo
nissa/quandiso
nissa/riven
nissa/sundance
nissa/tereid
nissa/tivviks
nissa/trulo
nissa/uldren
nissa/xivu
nissa/xivur
nissa/yaviks
nissa/yavista
oak/birch
oak/elm
oak/hana
oak/maple
oak/maple14
oak/sycamore
oak/sycamore360
oak/telesu
octopus/ampton
octopus/apel
octopus/bip
octopus/bipship
octopus/bloog
octopus/blooglet
octopus/blooguard
octopus/blorb
octopus/bluebird
octopus/bobba
octopus/bobba360
octopus/bounder
octopus/casta
octopus/dood
octopus/doodlte
octopus/dopefish
octopus/dorp
octopus/droid
octopus/fleex
octopus/foob
octopus/foob360
octopus/garfour
octopus/garg
octopus/garg360
octopus/gik
octopus/gik360
octopus/grabbiter
octopus/grob360s
octopus/korath
octopus/laser
octopus/laser14
octopus/lick
octopus/meep
octopus/mimrock
octopus/nospike
octopus/octopus
octopus/orbatrix
octopus/phaser
octopus/phaser360
octopus/sparky
octopus/sparky360
octopus/vitalin
octopus/vorticon
octopus/vortininja
octopus/yorp
ovis/deku
ovis/ovis
passionfruit/passionfruit
peach/pi
peach/pit
poppy/atlas
poppy/eve
poppy/lux
poppy/nautilus
poppy/nautiluslte
poppy/nocturne
poppy/soraka
puff/dooly
puff/duffy
puff/faffy
puff/kaisa
puff/noibat
puff/puff
puff/wyvern
rambi/banjo
rambi/candy
rambi/clapper
rambi/cranky
rambi/enguarde
rambi/expresso
rambi/glimmer
rambi/gnawty
rambi/gnawtyplus
rambi/heli
rambi/hoofer
rambi/kip
rambi/kip14
rambi/ninja
rambi/orco
rambi/parry
rambi/quawks
rambi/squawks
rambi/sumo
rambi/swanky
rambi/winky
rammus/leona
rammus/shyvana
rammus/shyvana-m
rammus/volibear
rauru/navi
rauru/rauru
reef/alan
reef/basking
reef/bigdaddy
reef/electro
reef/pyro
reef/reef
reef/sand
reef/snappy
rex/karis
rex/mtlrvp
rex/rex
rex/screebo
rowan/rowan
sarien/arcada
sarien/sarien
scarlet/dru
scarlet/druwl
scarlet/dumo
scarlet/scarlet
shadowkeep/shadowkeep
skolas/skolas
skyrim/crystaldrift
skyrim/frostflow
skyrim/markarth
skyrim/mistveil
skyrim/morthal
skyrim/skyrim15w
skyrim/skyrim6w
skyrim/weynon
skyrim/whiterun
skyrim/winterhold
slippy/falco
slippy/leon
slippy/link
slippy/peppy
slippy/wolf
staryu/starmie
staryu/staryu
staryu/wugtrio
strago/banon
strago/celes
strago/cyan
strago/edgar
strago/kefka
strago/locke
strago/reks
strago/relm
strago/sabin
strago/setzer
strago/terra
strago/terra13
strago/thea
strago/tifa
strago/ultima
strago/umaro
strago/wizpig
strongbad/strongbad
trogdor/pompom
trogdor/trogdor
veyron-pinky/fievel
veyron-pinky/jaq
veyron-pinky/jerry
veyron-pinky/mickey
veyron-pinky/mighty
veyron-pinky/minnie
veyron-pinky/pinky
veyron-pinky/speedy
veyron-pinky/tiger
veyron-pinky/x30evb
volteer/boldar
volteer/chronicler
volteer/collis
volteer/copano
volteer/delbin
volteer/drobit
volteer/eldrid
volteer/elemi
volteer/halvor
volteer/lindar
volteer/lingcod
volteer/malefor
volteer/mudada
volteer/terrador
volteer/trondo
volteer/voema
volteer/volet
volteer/volteer
volteer/voxel
volteer/zantor
zoombini/meowth
zoombini/zoombini
zork/berknip
zork/dalboz
zork/dirinboz
zork/ezkinil
zork/gumboz
zork/jelboz
zork/morphius
zork/trembyle
zork/vilboz
zork/woomax
